Workbook

Sheet Текущий контракт
A1: Дата | B1: Австрия | C1: Процесс | D1: Остаток тыс. куб. | E1: Выручка тыс. ЕВРО | F1: Венгрия | G1: Процесс | H1: Остаток тыс. куб. | I1: Выручка тыс. ЕВРО | J1: Сумма выручки
A2: 44013 | B2: 200000 | C2: Отбор | D2: =N2-N6 -> 44550 | E2: =$N$6*L13-N4 -> 30265 | H2: 5000 | I2: =(H2-H3)*$M$13 -> 0 | J2: =E2+I2 -> 30265 | K2: Остаток газа на ПХГ Австрия, тыс. куб. | N2: 45000
A3: 44014 | C3: Отбор | D3: =D2-$N$6 -> 44100 | E3: =(D2-D3)*$L$13 -> 30465 | H3: 5000 | I3: =(H3-H4)*$M$13 -> 0 | J3: =E3+I3 -> 30465 | K3: Остаток газа на ПХГ Венгрия, тыс. куб. | N3: 5000
A4: 44015 | C4: Отбор | D4: =D3-$N$6 -> 43650 | E4: =(D3-D4)*$L$13 -> 30465 | H4: 5000 | I4: =(H4-H5)*$M$13 -> 0 | J4: =E4+I4 -> 30465 | K4: Хранение в месяц, тыс ЕВРО | N4: 200
A5: 44016 | C5: Отбор | D5: =D4-$N$6 -> 43200 | E5: =(D4-D5)*$L$13 -> 30465 | H5: 5000 | I5: =(H5-H6)*$M$13 -> 0 | J5: =E5+I5 -> 30465 | K5: Цена продажи неотобранного газа ЕВРО/тыс. куб. | N5: =L15-3 -> 73.9
A6: 44017 | C6: Отбор | D6: =D5-$N$6 -> 42750 | E6: =(D5-D6)*$L$13 -> 30465 | H6: 5000 | I6: =(H6-H7)*$M$13 -> 0 | J6: =E6+I6 -> 30465 | K6: Суточный отбор Австрия, тыс.куб. | N6: 450
A7: 44018 | C7: Отбор | D7: =D6-$N$6 -> 42300 | E7: =(D6-D7)*$L$13 -> 30465 | H7: 5000 | I7: =(H7-H8)*$M$13 -> 0 | J7: =E7+I7 -> 30465 | K7: Суточный отбор Венгрия, тыс.куб. | N7: 120
A8: 44019 | C8: Отбор | D8: =D7-$N$6 -> 41850 | E8: =(D7-D8)*$L$13 -> 30465 | H8: 5000 | I8: =(H8-H9)*$M$13 -> 0 | J8: =E8+I8 -> 30465 | K8: Суточная закачка Австрия, тыс. куб | N8: 870
A9: 44020 | C9: Отбор | D9: =D8-$N$6 -> 41400 | E9: =(D8-D9)*$L$13 -> 30465 | H9: 5000 | I9: =(H9-H10)*$M$13 -> 0 | J9: =E9+I9 -> 30465 | K9: Вход в Венгрию из ПХГ тыс.куб. | N9: 3.08
A10: 44021 | C10: Отбор | D10: =D9-$N$6 -> 40950 | E10: =(D9-D10)*$L$13 -> 30465 | H10: 5000 | I10: =(H10-H11)*$M$13 -> 0 | J10: =E10+I10 -> 30465 | K10: Выход из Венгрии в ПХГ тыс.куб. | N10: 3.29
A11: 44022 | C11: Отбор | D11: =D10-$N$6 -> 40500 | E11: =(D10-D11)*$L$13 -> 30465 | H11: 5000 | I11: =(H11-H12)*$M$13 -> 0 | J11: =E11+I11 -> 30465
A12: 44023 | C12: Отбор | D12: =D11-$N$6 -> 40050 | E12: =(D11-D12)*$L$13 -> 30465 | H12: 5000 | I12: =(H12-H13)*$M$13 -> 0 | J12: =E12+I12 -> 30465 | L12: VTPA (Австрия) | M12: VTPH (Венгрия)
A13: 44024 | C13: Отбор | D13: =D12-$N$6 -> 39600 | E13: =(D12-D13)*$L$13 -> 30465 | H13: 5000 | I13: =(H13-H14)*$M$13 -> 0 | J13: =E13+I13 -> 30465 | K13: июль 2020 | L13: 67.7 | M13: 88.3
A14: 44025 | C14: Отбор | D14: =D13-$N$6 -> 39150 | E14: =(D13-D14)*$L$13 -> 30465 | H14: 5000 | I14: =(H14-H15)*$M$13 -> 0 | J14: =E14+I14 -> 30465 | K14: август 2020 | L14: 69.6 | M14: 93.8
A15: 44026 | C15: Отбор | D15: =D14-$N$6 -> 38700 | E15: =(D14-D15)*$L$13 -> 30465 | H15: 5000 | I15: =(H15-H16)*$M$13 -> 0 | J15: =E15+I15 -> 30465 | K15: сентябрь 2020 | L15: 76.9 | M15: 103
A16: 44027 | C16: Отбор | D16: =D15-$N$6 -> 38250 | E16: =(D15-D16)*$L$13 -> 30465 | H16: 5000 | I16: =(H16-H17)*$M$13 -> 0 | J16: =E16+I16 -> 30465 | K16: октябрь 2020 | L16: 93.2 | M16: 122.6
A17: 44028 | C17: Отбор | D17: =D16-$N$6 -> 37800 | E17: =(D16-D17)*$L$13 -> 30465 | H17: 5000 | I17: =(H17-H18)*$M$13 -> 0 | J17: =E17+I17 -> 30465 | K17: ноябрь 2020 | L17: 133.7 | M17: 157
A18: 44029 | C18: Отбор | D18: =D17-$N$6 -> 37350 | E18: =(D17-D18)*$L$13 -> 30465 | H18: 5000 | I18: =(H18-H19)*$M$13 -> 0 | J18: =E18+I18 -> 30465 | K18: декабрь 2020 | L18: 133.7 | M18: 168.8
A19: 44030 | C19: Отбор | D19: =D18-$N$6 -> 36900 | E19: =(D18-D19)*$L$13 -> 30465 | H19: 5000 | I19: =(H19-H20)*$M$13 -> 0 | J19: =E19+I19 -> 30465 | K19: январь 2021 | L19: 142 | M19: 172
A20: 44031 | C20: Отбор | D20: =D19-$N$6 -> 36450 | E20: =(D19-D20)*$L$13 -> 30465 | H20: 5000 | I20: =(H20-H21)*$M$13 -> 0 | J20: =E20+I20 -> 30465 | K20: 1 кв. 2021 | L20: 141.1 | M20: 171.2
A21: 44032 | C21: Отбор | D21: =D20-$N$6 -> 36000 | E21: =(D20-D21)*$L$13 -> 30465 | H21: 5000 | I21: =(H21-H22)*$M$13 -> 0 | J21: =E21+I21 -> 30465 | K21: 2 кв. 2021 | L21: 137 | M21: 162.3
A22: 44033 | C22: Отбор | D22: =D21-$N$6 -> 35550 | E22: =(D21-D22)*$L$13 -> 30465 | H22: 5000 | I22: =(H22-H23)*$M$13 -> 0 | J22: =E22+I22 -> 30465
A23: 44034 | C23: Отбор | D23: =D22-$N$6 -> 35100 | E23: =(D22-D23)*$L$13 -> 30465 | H23: 5000 | I23: =(H23-H24)*$M$13 -> 0 | J23: =E23+I23 -> 30465 | K23: Доля рынка,%
A24: 44035 | C24: Отбор | D24: =D23-$N$6 -> 34650 | E24: =(D23-D24)*$L$13 -> 30465 | H24: 5000 | I24: =(H24-H25)*$M$13 -> 0 | J24: =E24+I24 -> 30465 | L24: Австрия | M24: =NPV(0.1,E2:E367,A2:A367) -> 305023.43 | N24: =M24/(M24+M25)*100 -> 99.679678
A25: 44036 | C25: Отбор | D25: =D24-$N$6 -> 34200 | E25: =(D24-D25)*$L$13 -> 30465 | H25: 5000 | I25: =(H25-H26)*$M$13 -> 0 | J25: =E25+I25 -> 30465 | L25: Венгрия | M25: =NPV(0.1,I2:I367,A2:A367) -> 980.19744 | N25: =M25/(M24+M25)*100 -> 0.32032217
A26: 44037 | C26: Отбор | D26: =D25-$N$6 -> 33750 | E26: =(D25-D26)*$L$13 -> 30465 | H26: 5000 | I26: =(H26-H27)*$M$13 -> 0 | J26: =E26+I26 -> 30465 | K26: Денежные потоки контракт
A27: 44038 | C27: Отбор | D27: =D26-$N$6 -> 33300 | E27: =(D26-D27)*$L$13 -> 30465 | H27: 5000 | I27: =(H27-H28)*$M$13 -> 0 | J27: =E27+I27 -> 30465 | L27: 3 квартал 2020 | M27: =SUM(J2:J93) -> 3921865
A28: 44039 | C28: Отбор | D28: =D27-$N$6 -> 32850 | E28: =(D27-D28)*$L$13 -> 30465 | H28: 5000 | I28: =(H28-H29)*$M$13 -> 0 | J28: =E28+I28 -> 30465 | L28: 4 квартал 2020 | M28: =SUM(J94:J185) -> -600
A29: 44040 | C29: Отбор | D29: =D28-$N$6 -> 32400 | E29: =(D28-D29)*$L$13 -> 30465 | H29: 5000 | I29: =(H29-H30)*$M$13 -> 0 | J29: =E29+I29 -> 30465 | L29: 1 квартал 2021 | M29: =SUM(J186:J275) -> 5713950
A30: 44041 | C30: Отбор | D30: =D29-$N$6 -> 31950 | E30: =(D29-D30)*$L$13 -> 30465 | H30: 5000 | I30: =(H30-H31)*$M$13 -> 0 | J30: =E30+I30 -> 30465 | L30: 2 квартал 2021 | M30: =SUM(J276:J367) -> 5572850
A31: 44042 | C31: Отбор | D31: =D30-$N$6 -> 31500 | E31: =(D30-D31)*$L$13 -> 30465 | H31: 5000 | I31: =(H31-H32)*$M$13 -> 0 | J31: =E31+I31 -> 30465 | K31: Денежные потоки предложение
A32: 44043 | C32: Отбор | D32: =D31-$N$6 -> 31050 | E32: =(D31-D32)*$L$13 -> 30465 | H32: 5000 | I32: =(H32-H33)*$M$13 -> 0 | J32: =E32+I32 -> 30465 | L32: 3 квартал 2020 | M32: =SUM(Предложение!E2:E93) -> 2950000
A33: 44044 | B33: 200000 | C33: Отбор | D33: =D32-$N$6 -> 30600 | E33: =(D32-D33)*$L$14-N4 -> 31120 | H33: 5000 | I33: =(H33-H34)*$M$13 -> 0 | J33: =E33+I33 -> 31120 | L33: 4 квартал 2020 | M33: =SUM(Предложение!E94:E185) -> -496242.67
A34: 44045 | C34: Отбор | D34: =D33-$N$6 -> 30150 | E34: =(D33-D34)*$L$14 -> 31320 | H34: 5000 | I34: =(H34-H35)*$M$13 -> 0 | J34: =E34+I34 -> 31320 | L34: 1 квартал 2021 | M34: =SUM(Предложение!E186:E274) -> 11200561
A35: 44046 | C35: Отбор | D35: =D34-$N$6 -> 29700 | E35: =(D34-D35)*$L$14 -> 31320 | H35: 5000 | I35: =(H35-H36)*$M$13 -> 0 | J35: =E35+I35 -> 31320 | L35: 2 квартал 2021 | M35: =SUM(Предложение!E276:E367) -> 0
A36: 44047 | C36: Отбор | D36: =D35-$N$6 -> 29250 | E36: =(D35-D36)*$L$14 -> 31320 | H36: 5000 | I36: =(H36-H37)*$M$13 -> 0 | J36: =E36+I36 -> 31320 | K36: Хранение
A37: 44048 | C37: Отбор | D37: =D36-$N$6 -> 28800 | E37: =(D36-D37)*$L$14 -> 31320 | H37: 5000 | I37: =(H37-H38)*$M$13 -> 0 | J37: =E37+I37 -> 31320 | L37: Контракт | M37: =E373 -> 1501016.6
A38: 44049 | C38: Отбор | D38: =D37-$N$6 -> 28350 | E38: =(D37-D38)*$L$14 -> 31320 | H38: 5000 | I38: =(H38-H39)*$M$13 -> 0 | J38: =E38+I38 -> 31320 | L38: Предложение | M38: =Предложение!E370 -> 1992.5923
A39: 44050 | C39: Отбор | D39: =D38-$N$6 -> 27900 | E39: =(D38-D39)*$L$14 -> 31320 | H39: 5000 | I39: =(H39-H40)*$M$13 -> 0 | J39: =E39+I39 -> 31320 | K39: Приведенная выручка
A40: 44051 | C40: Отбор | D40: =D39-$N$6 -> 27450 | E40: =(D39-D40)*$L$14 -> 31320 | H40: 5000 | I40: =(H40-H41)*$M$13 -> 0 | J40: =E40+I40 -> 31320 | L40: Контракт | M40: =I371 -> 7.2138326e+08
A41: 44052 | C41: Отбор | D41: =D40-$N$6 -> 27000 | E41: =(D40-D41)*$L$14 -> 31320 | H41: 5000 | I41: =(H41-H42)*$M$13 -> 0 | J41: =E41+I41 -> 31320 | L41: Предложение | M41: =Предложение!E371 -> 2.8228482e+09
A42: 44053 | C42: Отбор | D42: =D41-$N$6 -> 26550 | E42: =(D41-D42)*$L$14 -> 31320 | H42: 5000 | I42: =(H42-H43)*$M$13 -> 0 | J42: =E42+I42 -> 31320
A43: 44054 | C43: Отбор | D43: =D42-$N$6 -> 26100 | E43: =(D42-D43)*$L$14 -> 31320 | H43: 5000 | I43: =(H43-H44)*$M$13 -> 0 | J43: =E43+I43 -> 31320
A44: 44055 | C44: Отбор | D44: =D43-$N$6 -> 25650 | E44: =(D43-D44)*$L$14 -> 31320 | H44: 5000 | I44: =(H44-H45)*$M$13 -> 0 | J44: =E44+I44 -> 31320
A45: 44056 | C45: Отбор | D45: =D44-$N$6 -> 25200 | E45: =(D44-D45)*$L$14 -> 31320 | H45: 5000 | I45: =(H45-H46)*$M$13 -> 0 | J45: =E45+I45 -> 31320
A46: 44057 | C46: Отбор | D46: =D45-$N$6 -> 24750 | E46: =(D45-D46)*$L$14 -> 31320 | H46: 5000 | I46: =(H46-H47)*$M$13 -> 0 | J46: =E46+I46 -> 31320
A47: 44058 | C47: Отбор | D47: =D46-$N$6 -> 24300 | E47: =(D46-D47)*$L$14 -> 31320 | H47: 5000 | I47: =(H47-H48)*$M$13 -> 0 | J47: =E47+I47 -> 31320
A48: 44059 | C48: Отбор | D48: =D47-$N$6 -> 23850 | E48: =(D47-D48)*$L$14 -> 31320 | H48: 5000 | I48: =(H48-H49)*$M$13 -> 0 | J48: =E48+I48 -> 31320
A49: 44060 | C49: Отбор | D49: =D48-$N$6 -> 23400 | E49: =(D48-D49)*$L$14 -> 31320 | H49: 5000 | I49: =(H49-H50)*$M$13 -> 0 | J49: =E49+I49 -> 31320
A50: 44061 | C50: Отбор | D50: =D49-$N$6 -> 22950 | E50: =(D49-D50)*$L$14 -> 31320 | H50: 5000 | I50: =(H50-H51)*$M$13 -> 0 | J50: =E50+I50 -> 31320
A51: 44062 | C51: Отбор | D51: =D50-$N$6 -> 22500 | E51: =(D50-D51)*$L$14 -> 31320 | H51: 5000 | I51: =(H51-H52)*($M$13-$N$9) -> 6817.6 | J51: =E51+I51 -> 38137.6
A52: 44063 | C52: Отбор | D52: =D51-$N$6 -> 22050 | E52: =(D51-D52)*$L$14 -> 31320 | H52: =IF(H53+$N$7<$N$3,H53+$N$7,0) -> 4920 | I52: =(H52-H53)*($M$13-$N$9) -> 10226.4 | J52: =E52+I52 -> 41546.4
A53: 44064 | C53: Отбор | D53: =D52-$N$6 -> 21600 | E53: =(D52-D53)*$L$14 -> 31320 | H53: =IF(H54+$N$7<$N$3,H54+$N$7,0) -> 4800 | I53: =(H53-H54)*($M$13-$N$9) -> 10226.4 | J53: =E53+I53 -> 41546.4
A54: 44065 | C54: Отбор | D54: =D53-$N$6 -> 21150 | E54: =(D53-D54)*$L$14 -> 31320 | H54: =IF(H55+$N$7<$N$3,H55+$N$7,0) -> 4680 | I54: =(H54-H55)*($M$13-$N$9) -> 10226.4 | J54: =E54+I54 -> 41546.4
A55: 44066 | C55: Отбор | D55: =D54-$N$6 -> 20700 | E55: =(D54-D55)*$L$14 -> 31320 | H55: =IF(H56+$N$7<$N$3,H56+$N$7,0) -> 4560 | I55: =(H55-H56)*($M$13-$N$9) -> 10226.4 | J55: =E55+I55 -> 41546.4
A56: 44067 | C56: Отбор | D56: =D55-$N$6 -> 20250 | E56: =(D55-D56)*$L$14 -> 31320 | H56: =IF(H57+$N$7<$N$3,H57+$N$7,0) -> 4440 | I56: =(H56-H57)*($M$13-$N$9) -> 10226.4 | J56: =E56+I56 -> 41546.4
A57: 44068 | C57: Отбор | D57: =D56-$N$6 -> 19800 | E57: =(D56-D57)*$L$14 -> 31320 | H57: =IF(H58+$N$7<$N$3,H58+$N$7,0) -> 4320 | I57: =(H57-H58)*($M$13-$N$9) -> 10226.4 | J57: =E57+I57 -> 41546.4
A58: 44069 | C58: Отбор | D58: =D57-$N$6 -> 19350 | E58: =(D57-D58)*$L$14 -> 31320 | H58: =IF(H59+$N$7<$N$3,H59+$N$7,0) -> 4200 | I58: =(H58-H59)*($M$13-$N$9) -> 10226.4 | J58: =E58+I58 -> 41546.4
A59: 44070 | C59: Отбор | D59: =D58-$N$6 -> 18900 | E59: =(D58-D59)*$L$14 -> 31320 | H59: =IF(H60+$N$7<$N$3,H60+$N$7,0) -> 4080 | I59: =(H59-H60)*($M$13-$N$9) -> 10226.4 | J59: =E59+I59 -> 41546.4
A60: 44071 | C60: Отбор | D60: =D59-$N$6 -> 18450 | E60: =(D59-D60)*$L$14 -> 31320 | H60: =IF(H61+$N$7<$N$3,H61+$N$7,0) -> 3960 | I60: =(H60-H61)*($M$13-$N$9) -> 10226.4 | J60: =E60+I60 -> 41546.4
A61: 44072 | C61: Отбор | D61: =D60-$N$6 -> 18000 | E61: =(D60-D61)*$L$14 -> 31320 | H61: =IF(H62+$N$7<$N$3,H62+$N$7,0) -> 3840 | I61: =(H61-H62)*($M$13-$N$9) -> 10226.4 | J61: =E61+I61 -> 41546.4
A62: 44073 | C62: Отбор | D62: =D61-$N$6 -> 17550 | E62: =(D61-D62)*$L$14 -> 31320 | H62: =IF(H63+$N$7<$N$3,H63+$N$7,0) -> 3720 | I62: =(H62-H63)*($M$13-$N$9) -> 10226.4 | J62: =E62+I62 -> 41546.4
A63: 44074 | C63: Отбор | D63: =D62-$N$6 -> 17100 | E63: =(D62-D63)*$L$14 -> 31320 | H63: =IF(H64+$N$7<$N$3,H64+$N$7,0) -> 3600 | I63: =(H63-H64)*($M$13-$N$9) -> 10226.4 | J63: =E63+I63 -> 41546.4
A64: 44075 | B64: 200000 | C64: Отбор | D64: =D63-$N$6 -> 16650 | E64: =(D63-D64)*$L$15-N4 -> 34405 | H64: =IF(H65+$N$7<$N$3,H65+$N$7,0) -> 3480 | I64: =(H64-H65)*($M$13-$N$9) -> 10226.4 | J64: =E64+I64 -> 44631.4
A65: 44076 | C65: Отбор | D65: =D64-$N$6 -> 16200 | E65: =(D64-D65)*$L$15 -> 34605 | H65: =IF(H66+$N$7<$N$3,H66+$N$7,0) -> 3360 | I65: =(H65-H66)*($M$13-$N$9) -> 10226.4 | J65: =E65+I65 -> 44831.4
A66: 44077 | C66: Отбор | D66: =D65-$N$6 -> 15750 | E66: =(D65-D66)*$L$15 -> 34605 | H66: =IF(H67+$N$7<$N$3,H67+$N$7,0) -> 3240 | I66: =(H66-H67)*($M$13-$N$9) -> 10226.4 | J66: =E66+I66 -> 44831.4
A67: 44078 | C67: Отбор | D67: =D66-$N$6 -> 15300 | E67: =(D66-D67)*$L$15 -> 34605 | H67: =IF(H68+$N$7<$N$3,H68+$N$7,0) -> 3120 | I67: =(H67-H68)*($M$13-$N$9) -> 10226.4 | J67: =E67+I67 -> 44831.4
A68: 44079 | C68: Отбор | D68: =D67-$N$6 -> 14850 | E68: =(D67-D68)*$L$15 -> 34605 | H68: =IF(H69+$N$7<$N$3,H69+$N$7,0) -> 3000 | I68: =(H68-H69)*($M$13-$N$9) -> 10226.4 | J68: =E68+I68 -> 44831.4
A69: 44080 | C69: Отбор | D69: =D68-$N$6 -> 14400 | E69: =(D68-D69)*$L$15 -> 34605 | H69: =IF(H70+$N$7<$N$3,H70+$N$7,0) -> 2880 | I69: =(H69-H70)*($M$13-$N$9) -> 10226.4 | J69: =E69+I69 -> 44831.4
A70: 44081 | C70: Отбор | D70: =D69-$N$6 -> 13950 | E70: =(D69-D70)*$L$15 -> 34605 | H70: =IF(H71+$N$7<$N$3,H71+$N$7,0) -> 2760 | I70: =(H70-H71)*($M$13-$N$9) -> 10226.4 | J70: =E70+I70 -> 44831.4
A71: 44082 | C71: Отбор | D71: =D70-$N$6 -> 13500 | E71: =(D70-D71)*$L$15 -> 34605 | H71: =IF(H72+$N$7<$N$3,H72+$N$7,0) -> 2640 | I71: =(H71-H72)*($M$13-$N$9) -> 10226.4 | J71: =E71+I71 -> 44831.4
A72: 44083 | C72: Отбор | D72: =D71-$N$6 -> 13050 | E72: =(D71-D72)*$L$15 -> 34605 | H72: =IF(H73+$N$7<$N$3,H73+$N$7,0) -> 2520 | I72: =(H72-H73)*($M$13-$N$9) -> 10226.4 | J72: =E72+I72 -> 44831.4
A73: 44084 | C73: Отбор | D73: =D72-$N$6 -> 12600 | E73: =(D72-D73)*$L$15 -> 34605 | H73: =IF(H74+$N$7<$N$3,H74+$N$7,0) -> 2400 | I73: =(H73-H74)*($M$13-$N$9) -> 10226.4 | J73: =E73+I73 -> 44831.4
A74: 44085 | C74: Отбор | D74: =D73-$N$6 -> 12150 | E74: =(D73-D74)*$L$15 -> 34605 | H74: =IF(H75+$N$7<$N$3,H75+$N$7,0) -> 2280 | I74: =(H74-H75)*($M$13-$N$9) -> 10226.4 | J74: =E74+I74 -> 44831.4
A75: 44086 | C75: Отбор | D75: =D74-$N$6 -> 11700 | E75: =(D74-D75)*$L$15 -> 34605 | H75: =IF(H76+$N$7<$N$3,H76+$N$7,0) -> 2160 | I75: =(H75-H76)*($M$13-$N$9) -> 10226.4 | J75: =E75+I75 -> 44831.4
A76: 44087 | C76: Отбор | D76: =D75-$N$6 -> 11250 | E76: =(D75-D76)*$L$15 -> 34605 | H76: =IF(H77+$N$7<$N$3,H77+$N$7,0) -> 2040 | I76: =(H76-H77)*($M$13-$N$9) -> 10226.4 | J76: =E76+I76 -> 44831.4
... A92: 44103 | C92: Отбор | D92: =D91-$N$6 -> 4050 | E92: =(D91-D92)*$L$15 -> 34605 | H92: =IF(H93+$N$7<$N$3,H93+$N$7,0) -> 120 | I92: =(H92-H93)*($M$13-$N$9) -> 10226.4 | J92: =E92+I92 -> 44831.4
A93: 44104 | C93: Отбор | D93: 0 | E93: =(D92-D93)*$L$15+(D92-N6)*N5 -> 577485 | H93: 0 | I93: =(H93-H94)*($M$13-$N$9) -> 0 | J93: =E93+I93 -> 577485
A94: 44105 | B94: 200000 | C94: Закачка | D94: =MIN(N8,80000) -> 870 | E94: =0-N4 -> -200 | J94: =E94+I94 -> -200
A95: 44106 | C95: Закачка | D95: =MIN(D94+$N$8,80000) -> 1740 | E95: =0-B95 -> 0 | J95: =E95+I95 -> 0
A96: 44107 | C96: Закачка | D96: =MIN(D95+$N$8,80000) -> 2610 | E96: =0-B96 -> 0 | J96: =E96+I96 -> 0
A97: 44108 | C97: Закачка | D97: =MIN(D96+$N$8,80000) -> 3480 | E97: =0-B97 -> 0 | J97: =E97+I97 -> 0
A98: 44109 | C98: Закачка | D98: =MIN(D97+$N$8,80000) -> 4350 | E98: =0-B98 -> 0 | J98: =E98+I98 -> 0
A99: 44110 | C99: Закачка | D99: =MIN(D98+$N$8,80000) -> 5220 | E99: =0-B99 -> 0 | J99: =E99+I99 -> 0
A100: 44111 | C100: Закачка | D100: =MIN(D99+$N$8,80000) -> 6090 | E100: =0-B100 -> 0 | J100: =E100+I100 -> 0
A101: 44112 | C101: Закачка | D101: =MIN(D100+$N$8,80000) -> 6960 | E101: =0-B101 -> 0 | J101: =E101+I101 -> 0
A102: 44113 | C102: Закачка | D102: =MIN(D101+$N$8,80000) -> 7830 | E102: =0-B102 -> 0 | J102: =E102+I102 -> 0
A103: 44114 | C103: Закачка | D103: =MIN(D102+$N$8,80000) -> 8700 | E103: =0-B103 -> 0 | J103: =E103+I103 -> 0
A104: 44115 | C104: Закачка | D104: =MIN(D103+$N$8,80000) -> 9570 | E104: =0-B104 -> 0 | J104: =E104+I104 -> 0
A105: 44116 | C105: Закачка | D105: =MIN(D104+$N$8,80000) -> 10440 | E105: =0-B105 -> 0 | J105: =E105+I105 -> 0
A106: 44117 | C106: Закачка | D106: =MIN(D105+$N$8,80000) -> 11310 | E106: =0-B106 -> 0 | J106: =E106+I106 -> 0
... A124: 44135 | C124: Закачка | D124: =MIN(D123+$N$8,80000) -> 26970 | E124: =0-B124 -> 0 | J124: =E124+I124 -> 0
A125: 44136 | B125: 200000 | C125: Закачка | D125: =MIN(D124+$N$8,80000) -> 27840 | E125: =-N4 -> -200 | J125: =E125+I125 -> -200
A126: 44137 | C126: Закачка | D126: =MIN(D125+$N$8,80000) -> 28710 | E126: =0-B126 -> 0 | J126: =E126+I126 -> 0
A127: 44138 | C127: Закачка | D127: =MIN(D126+$N$8,80000) -> 29580 | E127: =0-B127 -> 0 | J127: =E127+I127 -> 0
A128: 44139 | C128: Закачка | D128: =MIN(D127+$N$8,80000) -> 30450 | E128: =0-B128 -> 0 | J128: =E128+I128 -> 0
A129: 44140 | C129: Закачка | D129: =MIN(D128+$N$8,80000) -> 31320 | E129: =0-B129 -> 0 | J129: =E129+I129 -> 0
A130: 44141 | C130: Закачка | D130: =MIN(D129+$N$8,80000) -> 32190 | E130: =0-B130 -> 0 | J130: =E130+I130 -> 0
A131: 44142 | C131: Закачка | D131: =MIN(D130+$N$8,80000) -> 33060 | E131: =0-B131 -> 0 | J131: =E131+I131 -> 0
A132: 44143 | C132: Закачка | D132: =MIN(D131+$N$8,80000) -> 33930 | E132: =0-B132 -> 0 | J132: =E132+I132 -> 0
...

Sheet Предложение
A1: Дата | B1: Хранение | C1: Процесс | D1: Остаток тыс. куб. | E1: Выручка тыс. ЕВРО
A2: 44013 | C2: Отбор | D2: 0 | E2: =(L2+L3)*L5 -> 2950000 | F2: 0 | I2: Остаток газа на ПХГ Австрия, тыс. куб. | L2: 45000
A3: 44014 | D3: 0 | E3: 0 | F3: 0 | I3: Остаток газа на ПХГ Венгрия, тыс. куб. | L3: 5000
A4: 44015 | D4: 0 | E4: 0 | F4: 0 | I4: Хранение в месяц, тыс ЕВРО | L4: 200
A5: 44016 | D5: 0 | E5: 0 | F5: 0 | I5: Цена продажи неотобранного газа ЕВРО/тыс. куб. | L5: 59
A6: 44017 | D6: 0 | E6: 0 | F6: 0 | I6: Суточный отбор Австрия, тыс.куб. | L6: 890
A7: 44018 | D7: 0 | E7: 0 | F7: 0 | I7: Суточная закачка Австрия, тыс. куб | L7: 870
A8: 44019 | D8: 0 | E8: 0 | F8: 0 | I8: Хранение ЕВРО/тыс. куб. | L8: 4
A9: 44020 | D9: 0 | E9: 0 | F9: 0
A10: 44021 | D10: 0 | E10: 0 | F10: 0
A11: 44022 | D11: 0 | E11: 0 | F11: 0
A12: 44023 | D12: 0 | E12: 0 | F12: 0 | J12: VTPA (Австрия) | K12: VTPH (Венгрия)
A13: 44024 | D13: 0 | E13: 0 | F13: 0 | I13: июль 2020 | J13: 67.7 | K13: 88.3
A14: 44025 | D14: 0 | E14: 0 | F14: 0 | I14: август 2020 | J14: 69.6 | K14: 93.8
A15: 44026 | D15: 0 | E15: 0 | F15: 0 | I15: сентябрь 2020 | J15: 76.9 | K15: 103
A16: 44027 | D16: 0 | E16: 0 | F16: 0 | I16: октябрь 2020 | J16: 93.2 | K16: 122.6
A17: 44028 | D17: 0 | E17: 0 | F17: 0 | I17: ноябрь 2020 | J17: 133.7 | K17: 157
A18: 44029 | D18: 0 | E18: 0 | F18: 0 | I18: декабрь 2020 | J18: 133.7 | K18: 168.8
A19: 44030 | D19: 0 | E19: 0 | F19: 0 | I19: январь 2021 | J19: 142 | K19: 172
A20: 44031 | D20: 0 | E20: 0 | F20: 0 | I20: 1 кв. 2021 | J20: 141.1 | K20: 171.2
A21: 44032 | D21: 0 | E21: 0 | F21: 0 | I21: 2 кв. 2021 | J21: 137 | K21: 162.3
A22: 44033 | D22: 0 | E22: 0 | F22: 0
A23: 44034 | D23: 0 | E23: 0 | F23: 0
A24: 44035 | D24: 0 | E24: 0 | F24: 0
A25: 44036 | D25: 0 | E25: 0 | F25: 0
A26: 44037 | D26: 0 | E26: 0 | F26: 0
A27: 44038 | D27: 0 | E27: 0 | F27: 0
A28: 44039 | D28: 0 | E28: 0 | F28: 0
A29: 44040 | D29: 0 | E29: 0 | F29: 0
A30: 44041 | D30: 0 | E30: 0 | F30: 0
A31: 44042 | D31: 0 | E31: 0 | F31: 0
A32: 44043 | D32: 0 | E32: 0 | F32: 0
A33: 44044 | D33: 0 | E33: 0 | F33: 0
... A93: 44104 | D93: 0 | E93: 0 | F93: 0
A94: 44105 | C94: Закачка | D94: =MIN(L7,80000) -> 870 | E94: =-D94*$L$8/30 -> -116 | F94: =-E94 -> 116
A95: 44106 | C95: Закачка | D95: =MIN(D94+$L$7,80000) -> 1740 | E95: =-D95*$L$8/30 -> -232 | F95: =-E95 -> 232
A96: 44107 | C96: Закачка | D96: =MIN(D95+$L$7,80000) -> 2610 | E96: =-D96*$L$8/30 -> -348 | F96: =-E96 -> 348
A97: 44108 | C97: Закачка | D97: =MIN(D96+$L$7,80000) -> 3480 | E97: =-D97*$L$8/30 -> -464 | F97: =-E97 -> 464
A98: 44109 | C98: Закачка | D98: =MIN(D97+$L$7,80000) -> 4350 | E98: =-D98*$L$8/30 -> -580 | F98: =-E98 -> 580
A99: 44110 | C99: Закачка | D99: =MIN(D98+$L$7,80000) -> 5220 | E99: =-D99*$L$8/30 -> -696 | F99: =-E99 -> 696
A100: 44111 | C100: Закачка | D100: =MIN(D99+$L$7,80000) -> 6090 | E100: =-D100*$L$8/30 -> -812 | F100: =-E100 -> 812
A101: 44112 | C101: Закачка | D101: =MIN(D100+$L$7,80000) -> 6960 | E101: =-D101*$L$8/30 -> -928 | F101: =-E101 -> 928
A102: 44113 | C102: Закачка | D102: =MIN(D101+$L$7,80000) -> 7830 | E102: =-D102*$L$8/30 -> -1044 | F102: =-E102 -> 1044
A103: 44114 | C103: Закачка | D103: =MIN(D102+$L$7,80000) -> 8700 | E103: =-D103*$L$8/30 -> -1160 | F103: =-E103 -> 1160
A104: 44115 | C104: Закачка | D104: =MIN(D103+$L$7,80000) -> 9570 | E104: =-D104*$L$8/30 -> -1276 | F104: =-E104 -> 1276
A105: 44116 | C105: Закачка | D105: =MIN(D104+$L$7,80000) -> 10440 | E105: =-D105*$L$8/30 -> -1392 | F105: =-E105 -> 1392
A106: 44117 | C106: Закачка | D106: =MIN(D105+$L$7,80000) -> 11310 | E106: =-D106*$L$8/30 -> -1508 | F106: =-E106 -> 1508
... A185: 44196 | C185: Закачка | D185: =MIN(D184+$L$7,80000) -> 80000 | E185: =-D185*$L$8/30 -> -10666.667 | F185: =-E185 -> 10666.667
A186: 44197 | C186: Отбор | D186: =MAX(D185-$L$6,0) -> 79110 | E186: =(D185-D186)*$J$20 -> 125579 | F186: 0
A187: 44198 | C187: Отбор | D187: =MAX(D186-$L$6,0) -> 78220 | E187: =(D186-D187)*$J$19 -> 126380 | F187: 0
A188: 44199 | C188: Отбор | D188: =MAX(D187-$L$6,0) -> 77330 | E188: =(D187-D188)*$J$19 -> 126380 | F188: 0
A189: 44200 | C189: Отбор | D189: =MAX(D188-$L$6,0) -> 76440 | E189: =(D188-D189)*$J$19 -> 126380 | F189: 0
A190: 44201 | C190: Отбор | D190: =MAX(D189-$L$6,0) -> 75550 | E190: =(D189-D190)*$J$19 -> 126380 | F190: 0
A191: 44202 | C191: Отбор | D191: =MAX(D190-$L$6,0) -> 74660 | E191: =(D190-D191)*$J$19 -> 126380 | F191: 0
A192: 44203 | C192: Отбор | D192: =MAX(D191-$L$6,0) -> 73770 | E192: =(D191-D192)*$J$19 -> 126380 | F192: 0
A193: 44204 | C193: Отбор | D193: =MAX(D192-$L$6,0) -> 72880 | E193: =(D192-D193)*$J$19 -> 126380 | F193: 0
A194: 44205 | C194: Отбор | D194: =MAX(D193-$L$6,0) -> 71990 | E194: =(D193-D194)*$J$19 -> 126380 | F194: 0
A195: 44206 | C195: Отбор | D195: =MAX(D194-$L$6,0) -> 71100 | E195: =(D194-D195)*$J$19 -> 126380 | F195: 0
A196: 44207 | C196: Отбор | D196: =MAX(D195-$L$6,0) -> 70210 | E196: =(D195-D196)*$J$19 -> 126380 | F196: 0
A197: 44208 | C197: Отбор | D197: =MAX(D196-$L$6,0) -> 69320 | E197: =(D196-D197)*$J$19 -> 126380 | F197: 0
A198: 44209 | C198: Отбор | D198: =MAX(D197-$L$6,0) -> 68430 | E198: =(D197-D198)*$J$19 -> 126380 | F198: 0
... A216: 44227 | C216: Отбор | D216: =MAX(D215-$L$6,0) -> 52410 | E216: =(D215-D216)*$J$19 -> 126380 | F216: 0
A217: 44228 | C217: Отбор | D217: =MAX(D216-$L$6,0) -> 51520 | E217: =(D216-D217)*$J$20 -> 125579 | F217: 0
A218: 44229 | C218: Отбор | D218: =MAX(D217-$L$6,0) -> 50630 | E218: =(D217-D218)*$J$20 -> 125579 | F218: 0
A219: 44230 | C219: Отбор | D219: =MAX(D218-$L$6,0) -> 49740 | E219: =(D218-D219)*$J$20 -> 125579 | F219: 0
A220: 44231 | C220: Отбор | D220: =MAX(D219-$L$6,0) -> 48850 | E220: =(D219-D220)*$J$20 -> 125579 | F220: 0
A221: 44232 | C221: Отбор | D221: =MAX(D220-$L$6,0) -> 47960 | E221: =(D220-D221)*$J$20 -> 125579 | F221: 0
A222: 44233 | C222: Отбор | D222: =MAX(D221-$L$6,0) -> 47070 | E222: =(D221-D222)*$J$20 -> 125579 | F222: 0
A223: 44234 | C223: Отбор | D223: =MAX(D222-$L$6,0) -> 46180 | E223: =(D222-D223)*$J$20 -> 125579 | F223: 0
A224: 44235 | C224: Отбор | D224: =MAX(D223-$L$6,0) -> 45290 | E224: =(D223-D224)*$J$20 -> 125579 | F224: 0
A225: 44236 | C225: Отбор | D225: =MAX(D224-$L$6,0) -> 44400 | E225: =(D224-D225)*$J$20 -> 125579 | F225: 0
A226: 44237 | C226: Отбор | D226: =MAX(D225-$L$6,0) -> 43510 | E226: =(D225-D226)*$J$20 -> 125579 | F226: 0
A227: 44238 | C227: Отбор | D227: =MAX(D226-$L$6,0) -> 42620 | E227: =(D226-D227)*$J$20 -> 125579 | F227: 0
A228: 44239 | C228: Отбор | D228: =MAX(D227-$L$6,0) -> 41730 | E228: =(D227-D228)*$J$20 -> 125579 | F228: 0
... A274: 44285 | C274: Отбор | D274: =MAX(D273-$L$6,0) -> 790 | E274: =(D273-D274)*$J$20 -> 125579 | F274: 0
A275: 44286 | C275: Отбор | D275: =MAX(D274-$L$6,0) -> 0 | E275: =(D274-D275)*$L$20 -> 0 | F275: 0
A276: 44287 | C276: Отбор | D276: =MAX(D275-$L$6,0) -> 0 | E276: =(D275-D276)*$L$20-N4 -> 0 | F276: 0
A277: 44288 | C277: Отбор | D277: =MAX(D276-$L$6,0) -> 0 | E277: =(D276-D277)*$L$20 -> 0 | F277: 0
A278: 44289 | C278: Отбор | D278: =MAX(D277-$L$6,0) -> 0 | E278: =(D277-D278)*$L$20 -> 0 | F278: 0
A279: 44290 | C279: Отбор | D279: =MAX(D278-$L$6,0) -> 0 | E279: =(D278-D279)*$L$20 -> 0 | F279: 0
A280: 44291 | C280: Отбор | D280: =MAX(D279-$L$6,0) -> 0 | E280: =(D279-D280)*$L$20 -> 0 | F280: 0
A281: 44292 | C281: Отбор | D281: =MAX(D280-$L$6,0) -> 0 | E281: =(D280-D281)*$L$20 -> 0 | F281: 0
A282: 44293 | C282: Отбор | D282: =MAX(D281-$L$6,0) -> 0 | E282: =(D281-D282)*$L$20 -> 0 | F282: 0
A283: 44294 | C283: Отбор | D283: =MAX(D282-$L$6,0) -> 0 | E283: =(D282-D283)*$L$20 -> 0 | F283: 0
A284: 44295 | C284: Отбор | D284: =MAX(D283-$L$6,0) -> 0 | E284: =(D283-D284)*$L$20 -> 0 | F284: 0
A285: 44296 | C285: Отбор | D285: =MAX(D284-$L$6,0) -> 0 | E285: =(D284-D285)*$L$20 -> 0 | F285: 0
A286: 44297 | C286: Отбор | D286: =MAX(D285-$L$6,0) -> 0 | E286: =(D285-D286)*$L$20 -> 0 | F286: 0
A287: 44298 | C287: Отбор | D287: =MAX(D286-$L$6,0) -> 0 | E287: =(D286-D287)*$L$20 -> 0 | F287: 0
A288: 44299 | C288: Отбор | D288: =MAX(D287-$L$6,0) -> 0 | E288: =(D287-D288)*$L$20 -> 0 | F288: 0
... A305: 44316 | C305: Отбор | D305: =MAX(D304-$L$6,0) -> 0 | E305: =(D304-D305)*$L$20 -> 0 | F305: 0
A306: 44317 | C306: Отбор | D306: =MAX(D305-$L$6,0) -> 0 | E306: =(D305-D306)*$L$20-N4 -> 0 | F306: 0
A307: 44318 | C307: Отбор | D307: =MAX(D306-$L$6,0) -> 0 | E307: =(D306-D307)*$L$20 -> 0 | F307: 0
A308: 44319 | C308: Отбор | D308: =MAX(D307-$L$6,0) -> 0 | E308: =(D307-D308)*$L$20 -> 0 | F308: 0
A309: 44320 | C309: Отбор | D309: =MAX(D308-$L$6,0) -> 0 | E309: =(D308-D309)*$L$20 -> 0 | F309: 0
A310: 44321 | C310: Отбор | D310: =MAX(D309-$L$6,0) -> 0 | E310: =(D309-D310)*$L$20 -> 0 | F310: 0
A311: 44322 | C311: Отбор | D311: =MAX(D310-$L$6,0) -> 0 | E311: =(D310-D311)*$L$20 -> 0 | F311: 0
A312: 44323 | C312: Отбор | D312: =MAX(D311-$L$6,0) -> 0 | E312: =(D311-D312)*$L$20 -> 0 | F312: 0
A313: 44324 | C313: Отбор | D313: =MAX(D312-$L$6,0) -> 0 | E313: =(D312-D313)*$L$20 -> 0 | F313: 0
A314: 44325 | C314: Отбор | D314: =MAX(D313-$L$6,0) -> 0 | E314: =(D313-D314)*$L$20 -> 0 | F314: 0
A315: 44326 | C315: Отбор | D315: =MAX(D314-$L$6,0) -> 0 | E315: =(D314-D315)*$L$20 -> 0 | F315: 0
...
